CustomerID,Segment,NumberOfProducts,TotalSales,TotalQuantity,TotalProfit,TotalShippingCost
AA-315,Consumer,50,15990.669,165,983.2564999999998,1451.95
AA-375,Consumer,55,6538.687,169,754.9194,1022.62
AA-480,Consumer,48,19759.08278,175,2071.08818,1815.27
AA-645,Consumer,91,17312.2147,302,2443.093,1961.27
AB-015,Consumer,88,24644.627500000002,301,4683.208,3128.31
AB-060,Home Office,67,20186.7784,262,4979.9769,2731.49
AB-105,Consumer,77,25123.18,265,6417.2845,2638.28
AB-150,Consumer,55,16201.1746,208,2926.3543,1850.04
AB-165,Consumer,60,13049.041,232,2436.066,1118.85
AB-255,Home Office,68,15466.2184,207,758.6139,1848.59
AB-600,Corporate,63,18727.2131,238,1870.0107,2687.61
AC-420,Corporate,61,12297.3697,180,444.03550000000007,869.88
AC-450,Consumer,39,17152.987399999998,143,3980.4112,1758.33
AC-615,Corporate,83,15028.15648,264,880.1277800000001,1540.03
AC-660,Consumer,43,8931.70908,152,-272.1273200000001,941.37
AD-180,Home Office,54,18539.7928,167,1539.9922000000001,1593.21
AF-870,Consumer,97,28187.3405,326,2278.3037000000004,2887.28
AF-885,Consumer,76,20066.15728,283,2971.2347800000002,2337.46
AG-270,Consumer,67,13417.21022,255,2602.57212,1526.08
AG-300,Corporate,58,14717.1862,206,773.1465999999999,1290.26
AG-330,Consumer,77,15067.05118,250,1006.97208,1993.09
AG-390,Consumer,53,8926.1216,178,447.265,926.52
AG-495,Corporate,78,16384.302059999998,302,2642.21386,1619.09
AG-525,Corporate,44,11339.639,139,169.38969999999992,1217.16
AG-675,Consumer,76,15391.967,249,923.0617,2002.86
AG-765,Home Office,58,11684.3115,227,175.3065,1079.02
AG-900,Consumer,73,19873.64176,284,1733.24716,2023.32
AH-030,Corporate,56,20759.51384,231,2450.92904,2289.41
AH-075,Corporate,83,21718.20142,293,1902.03342,2365.92
AH-120,Home Office,54,11405.91788,207,2081.37928,984.66
AH-195,Corporate,76,15279.75678,258,-592.24612,1466.88
AH-210,Consumer,74,23642.85018,292,4342.37078,2365.22
AH-465,Consumer,39,9198.65668,143,718.33498,977.2
AH-585,Consumer,49,11358.1131,170,1610.0721,1541.89
AH-690,Corporate,76,18094.05912,280,2466.01172,1461.65
AI-855,Consumer,50,9278.5763,176,1538.1774,929.64
AJ-780,Corporate,78,17757.0612,232,1172.2402000000002,2332.29
AJ-795,Corporate,76,12282.657,259,2478.5824000000002,1154.43
AJ-945,Consumer,56,15947.948,195,3006.7032,1145.64
AJ-960,Consumer,60,13262.74948,206,2531.3579799999998,1443.8
AM-360,Corporate,77,18766.156600000002,284,2977.8523999999998,1876.72
AM-705,Consumer,78,25522.3345,303,3238.5851000000002,3404.44
AO-810,Corporate,60,15022.8036,228,1093.0996000000002,1133.22
AP-720,Home Office,63,16361.7603,244,2992.7651,1819.05
AP-915,Consumer,86,18545.9403,284,3137.6156,2743.42
AR-345,Corporate,64,16466.8682,209,2290.6598,1829.29
AR-405,Corporate,50,9527.93078,168,-552.28182,927.8199999999999
AR-510,Consumer,69,16916.52336,235,3561.75886,1532.24
AR-540,Consumer,34,8545.5505,89,3139.0833,1005.08
AR-570,Consumer,50,11489.92732,178,1994.65032,1367.73
AR-825,Corporate,71,17339.9476,248,3117.6468,1822.85
AS-045,Corporate,59,14212.6284,211,369.1617999999999,1372.57
AS-090,Consumer,70,15444.67672,238,1421.27412,1726.02
AS-135,Home Office,44,11286.0542,144,1564.4938,933.02
AS-225,Corporate,72,21836.4137,231,2503.6348,1945.79
AS-240,Consumer,63,10693.17636,246,1175.45416,1027.01
AS-285,Corporate,77,21118.32446,273,2533.56606,2379.88
AS-630,Home Office,53,11815.9495,164,2091.0534,738.94
AT-435,Home Office,65,14942.2985,185,2795.5313,1362.92
AT-735,Consumer,55,13387.7549,186,2659.7779,1312.94
AW-840,Consumer,78,15147.25552,244,1216.41202,1695.14
AW-930,Home Office,49,11013.01356,175,2680.96696,865.03
AY-555,Corporate,50,8543.03044,163,2290.97634,850.43
AZ-750,Consumer,67,11871.078,215,924.3602999999999,969.23
BB-545,Corporate,63,16004.79988,238,1738.84688,1626.6599999999999
BB-990,Corporate,62,9886.8207,211,299.4246,973.48
BC-125,Home Office,86,15185.489,300,2485.9604,1646.39
BD-320,Consumer,68,15275.317000000001,232,1622.6797,1279.81
BD-500,Consumer,43,13141.8965,181,2381.066,1385.13
BD-560,Home Office,36,10920.79974,148,2024.7037400000002,1269.75
BD-605,Consumer,48,9892.30214,160,1425.66744,1069.96
BD-620,Consumer,67,10768.59702,207,984.4239200000001,1070.12
BD-635,Consumer,68,16919.9613,242,2792.3093,1696.16
BD-725,Consumer,76,15956.227,256,2475.1561,1725.74
BD-770,Consumer,64,13573.39126,228,1528.27026,1204.35
BE-335,Home Office,102,28479.1674,411,7410.0053,2695.79
BE-410,Consumer,60,18411.92896,225,3789.1560600000003,2369.42
BE-455,Home Office,69,18983.8353,243,978.0241000000001,2105.5
BF-005,Home Office,68,24079.87166,228,1115.67056,2670.27
BF-020,Corporate,62,13208.2773,191,940.1213000000001,1549.02
BF-080,Consumer,53,13942.7317,208,2084.5089,1656.28
BF-170,Home Office,86,23219.76044,316,4135.10114,1962.73
BF-215,Home Office,62,13367.8575,228,641.3188,1291.07
BF-275,Corporate,58,10588.57264,196,661.45284,1130.16
BF-975,Corporate,62,9835.011199999999,193,1833.7316,1264.94
BG-035,Consumer,66,20023.5634,250,1530.1779999999999,2045.29
BG-695,Corporate,49,11212.17038,153,417.31988,1315.74
BG-740,Consumer,56,15381.7965,198,1426.6284,1801.1100000000001
BH-710,Consumer,97,28120.621,355,4876.9398,2243.0
BK-260,Consumer,64,13586.25136,221,2447.6789599999997,1825.8799999999999
BM-140,Consumer,78,27169.9827,293,-1096.9254,2392.91
BM-575,Corporate,53,12055.31508,157,282.13467999999995,1135.07
BM-650,Corporate,77,17458.10208,248,4385.84518,2408.27
BM-785,Consumer,83,20691.1949,278,2512.6168,2510.96
BN-470,Corporate,69,26201.95588,243,2124.05298,3001.36
BN-515,Consumer,65,12879.02752,244,2544.06892,1112.65
BO-350,Corporate,47,8092.4907,158,415.21970000000005,557.75
BO-425,Consumer,57,15027.84252,213,2556.82472,1463.63
BP-050,Corporate,57,10385.32876,176,2090.96176,972.28
BP-095,Corporate,69,10087.5376,243,984.2587,1196.21
BP-155,Consumer,58,14806.92346,221,3576.20716,1452.15
BP-185,Corporate,74,16806.64772,246,1343.95582,2482.32
BP-230,Consumer,66,18708.6016,207,912.2121000000001,3262.52
BP-290,Consumer,55,12832.23978,186,1958.09908,1238.28
BS-365,Corporate,68,23508.65596,254,5968.90736,2454.29
BS-380,Corporate,65,18775.4363,266,1815.0301,1860.66
BS-590,Corporate,58,12178.03602,207,2045.68872,1731.53
BS-665,Consumer,71,22570.789,278,3612.8758000000003,2534.13
BS-755,Consumer,83,19237.2195,252,496.95910000000003,1752.15
BS-800,Home Office,68,17252.0658,214,2783.2074000000002,1532.16
BT-305,Home Office,70,11627.78,234,863.9258,1291.85
BT-395,Corporate,50,11796.377,183,2544.9303,1310.59
BT-440,Consumer,53,10396.5405,172,-469.7911,940.25
BT-485,Home Office,65,11682.02454,233,939.62794,1129.41
BT-530,Home Office,55,15344.099,188,1453.6353,1296.06
BT-680,Consumer,58,14895.1231,218,1795.5495,1474.44
BV-245,Corporate,61,21365.942,200,2819.7504,1853.71
BW-065,Consumer,51,17436.5359,216,3695.4033,2106.52
BW-110,Corporate,95,32310.446500000002,338,3595.8858999999998,3307.62
BW-200,Consumer,68,14968.18508,219,2352.20638,1603.48
CA-055,Home Office,56,12292.758,207,1869.7699,1007.31
CA-265,Consumer,69,21837.3069,247,3662.118,2300.4900000000002
CA-310,Corporate,43,7802.29086,113,867.15866,1085.09
CA-775,Consumer,61,19836.361,213,3891.2644999999998,1813.49
CA-965,Corporate,57,23993.6624,200,3279.0813,2125.13
CB-025,Consumer,58,13526.2086,227,208.82850000000002,1415.48
CB-415,Consumer,49,13938.11536,194,2087.08366,1895.04
CB-535,Corporate,72,18255.79284,241,2167.21744,1302.19
CC-100,Home Office,58,12520.17124,216,2622.6274399999998,1812.83
CC-145,Consumer,59,13348.8466,180,1307.7991,1476.9
CC-220,Consumer,87,11482.9148,268,2505.8885999999998,1101.81
CC-370,Consumer,73,35187.0764,287,5603.3337,3252.52
CC-430,Home Office,59,15039.16256,229,2940.51086,1317.5
CC-475,Consumer,74,20869.68146,246,4034.85446,2217.07
CC-550,Consumer,60,9342.05034,191,1524.54894,1389.7
CC-610,Corporate,61,17605.028,212,3003.011,2016.72
CC-670,Consumer,66,11496.6099,210,-280.9817,1485.21
CC-685,Consumer,55,16817.9562,210,2249.8603000000003,1482.4
CD-280,Consumer,81,17984.58838,265,2591.7817800000003,1730.18
CD-790,Home Office,67,14498.9025,228,2154.3027,1507.3899999999999
CD-920,Consumer,69,20117.9664,240,5028.9094,2683.7
CD-980,Consumer,68,13228.39046,218,1880.35726,1320.58
CG-040,Home Office,35,4115.208,120,-246.83939999999996,705.72
CG-520,Consumer,52,14661.67402,184,2566.57842,1864.34
CH-070,Home Office,70,15668.17456,225,2671.50966,1379.57
CJ-010,Consumer,58,19579.5646,222,2417.592,2002.53
CJ-875,Corporate,55,13970.26496,168,1957.42696,1437.53
CK-205,Consumer,96,14575.90484,327,965.8129400000001,1655.74
CK-325,Home Office,67,13053.19332,245,1380.71322,1185.37
CK-595,Consumer,78,17143.14618,289,2373.63598,1883.89
CK-760,Corporate,69,10590.7544,211,525.3842999999999,1181.88
CL-565,Consumer,79,19783.77188,284,1323.42898,2161.23
CL-700,Home Office,69,19376.0248,248,2670.3287,1814.8
CL-890,Consumer,59,18183.15636,215,-164.26294000000007,1286.43
CM-115,Consumer,42,16565.3193,160,2442.3472,2268.97
CM-160,Consumer,55,20155.95942,176,746.68682,1566.82
CM-190,Consumer,55,12826.54222,212,117.79151999999996,1254.12
CM-235,Consumer,44,11620.621000000001,139,1887.6977,1386.29
CM-385,Consumer,56,22463.58392,198,3010.03432,2343.05
CM-445,Consumer,58,13713.28608,224,1476.65568,1243.77
CM-655,Home Office,54,15578.55668,174,-955.0624199999999,2067.15
CM-715,Corporate,53,11230.8429,179,1210.3413,1373.02
CM-815,Corporate,46,14794.6744,172,-2798.7906,1465.62
CM-830,Corporate,75,21606.226,266,2484.686,2156.66
CM-935,Consumer,42,10148.3064,150,2206.362,1513.3700000000001
CP-085,Corporate,64,19769.5819,253,1750.5737,2255.66
CP-340,Corporate,82,25154.11928,278,1748.28138,2433.57
CR-580,Home Office,41,11757.5765,164,1945.9958,1231.25
CR-625,Home Office,77,22351.10268,262,2345.12208,2641.95
CR-730,Consumer,76,20847.53976,224,1435.43736,3154.14
CR-820,Home Office,54,15658.56256,188,3312.72046,1499.25
CS-130,Consumer,48,12348.499,185,-4.0671,1384.54
CS-175,Corporate,62,20046.1943,246,4328.5768,2250.85
CS-250,Corporate,81,14413.7293,304,2602.5059,1640.7
CS-355,Consumer,66,10548.057,188,-1.1518000000000164,1140.11
CS-400,Home Office,52,12514.53436,197,2080.04256,1244.12
CS-460,Consumer,70,22755.44428,236,2943.10958,2892.87
CS-490,Corporate,62,12774.6265,197,188.87189999999995,1521.7
CS-505,Consumer,42,13429.7464,153,-6151.5581,1244.44
CS-845,Corporate,68,22064.3646,208,2915.3282,2754.56
CS-860,Consumer,60,12174.598820000001,162,1319.8943199999999,1550.48
CS-950,Consumer,68,14937.04334,221,-1000.0759600000001,1436.2
CT-995,Consumer,52,14138.57504,173,2437.80334,1540.83
CV-295,Consumer,60,10325.50918,185,605.33728,958.12
CV-805,Corporate,54,14852.9826,181,1910.1065,2129.44
CW-905,Home Office,54,14353.9416,218,3007.3994,1320.95
CY-745,Corporate,60,14221.5023,200,1542.243,1656.34
Co-640,Consumer,68,13046.86776,238,1196.03996,1458.71
DA-450,Home Office,58,15247.41826,241,-297.83133999999995,1579.6
DB-060,Consumer,70,25547.16966,255,3652.3608600000002,3371.94
DB-120,Corporate,34,6273.82662,116,-2270.69658,583.62
DB-210,Consumer,73,14130.616899999999,250,1425.8078,1951.56
DB-270,Home Office,58,12576.5995,193,1640.2389,1134.72
DB-360,Home Office,51,10611.344360000001,196,1922.71686,1402.32
DB-405,Consumer,51,16632.63866,199,1958.55586,1912.14
DB-555,Corporate,48,10386.3324,177,1242.2766000000001,1192.55
DB-615,Consumer,58,12855.6088,209,2967.6800000000003,1387.88
DB-660,Consumer,42,13604.77684,147,1417.79834,1437.62
DB-910,Home Office,63,15389.4637,209,1656.9395000000002,1518.45
DB-970,Corporate,31,9679.2392,98,586.9649,787.76
DC-285,Consumer,54,16964.6539,213,865.3341,1455.53
DC-850,Consumer,77,13438.5095,231,-70.48979999999993,987.55
DD-570,Consumer,66,11072.8788,234,1399.6512,1002.04
DE-255,Home Office,55,12800.279999999999,179,1735.4974,1160.62
DF-135,Consumer,52,11542.0359,169,363.0722,952.6899999999999
DG-300,Corporate,64,16713.74,240,2374.3181,2123.59
DH-075,Corporate,82,16192.3601,270,1681.8685,1659.3700000000001
DH-675,Home Office,54,12479.1525,177,2151.1435,1433.55
DJ-420,Corporate,63,22562.07114,232,3255.39614,2443.43
DJ-510,Corporate,77,21396.977899999998,276,4310.462,2334.27
DJ-630,Consumer,54,13854.078,198,2675.7544000000003,1258.84
DK-090,Consumer,64,19452.4072,214,4080.5637,2367.66
DK-150,Corporate,58,17561.585,206,2179.1377,1542.93
DK-225,Corporate,56,10654.4526,202,1007.0980000000001,912.42
DK-375,Consumer,76,20105.314,287,2965.5079,2118.43
DK-835,Corporate,86,20963.6977,274,2917.8505,2146.4
DK-895,Consumer,69,19632.75916,242,1363.56276,1889.73
DK-985,Consumer,64,14905.4005,226,1287.9167,1852.61
DL-315,Consumer,75,20252.4705,304,2798.5357,1860.15
DL-330,Consumer,75,17940.981,281,2747.4922,2203.63
DL-495,Corporate,56,16645.788,206,1560.868,2073.84
DL-865,Consumer,68,12688.6821,270,426.03500000000014,1736.06
DL-925,Consumer,71,12196.6768,219,1108.44,1245.1
DM-015,Consumer,65,17732.3218,268,1991.7519,2566.57
DM-345,Corporate,59,22053.3105,240,-2597.8029,1929.31
DM-525,Corporate,51,11831.64768,196,-273.41551999999984,1790.87
DM-955,Corporate,76,22299.98292,266,2306.92722,2711.0099999999998
DN-690,Consumer,60,14914.292,187,233.5424999999999,1050.3
DO-435,Consumer,83,18796.6155,252,4137.6354,1584.76
DO-645,Consumer,67,13772.73292,222,1816.73452,1300.6
DP-000,Consumer,82,15976.3724,275,-517.4512,1384.66
DP-105,Corporate,62,25900.748199999998,247,4600.1323,2828.37
DP-165,Consumer,68,23729.23412,260,834.53052,1945.94
DP-390,Home Office,57,11658.921199999999,170,2688.1890000000003,1170.57
DR-880,Corporate,83,16706.8013,309,1984.3986,1331.65
DR-940,Home Office,84,27929.86492,289,6103.97292,2590.36
DS-030,Home Office,68,13280.8085,252,1487.6674,1134.43
DS-180,Corporate,63,13632.547999999999,219,1713.4145,1250.13
DV-045,Corporate,93,22746.33192,298,616.32492,2379.44
DV-465,Consumer,63,16948.69688,218,3342.72258,1865.22
DW-195,Corporate,55,10930.543099999999,187,1739.0983,1057.85
DW-480,Home Office,88,23454.9616,312,5029.0892,2864.9
DW-540,Consumer,62,14383.002,212,425.70920000000007,1796.95
DW-585,Corporate,73,12604.9176,289,870.557,1064.7
Dl-600,Corporate,57,14721.8194,162,1851.7062,1418.7
Dp-240,Home Office,81,22834.91032,260,3959.16412,1902.01
EA-035,Corporate,71,11518.87572,246,868.06012,1225.99
EB-110,Consumer,64,16083.2243,196,2893.6639,2064.33
EB-170,Consumer,47,8004.0590999999995,176,565.6232,706.47
EB-705,Corporate,65,15523.9141,230,1488.6075999999998,1415.98
EB-750,Corporate,49,9429.144,188,1487.154,977.12
EB-840,Corporate,57,21985.89694,174,5848.74774,2949.33
EB-870,Consumer,35,7035.8557,108,20.558200000000006,671.91
EB-930,Consumer,48,11967.4679,150,2091.7421,1157.28
EB-975,Corporate,76,16119.2213,250,3030.7344,1878.93
EC-050,Consumer,57,6731.5511,177,831.7727,708.71
ED-885,Home Office,76,18544.353,259,2572.4465,2137.33
EG-900,Consumer,63,23112.30168,226,2604.23728,2214.94
EH-005,Home Office,57,13004.6121,199,794.6512999999999,1812.16
EH-125,Home Office,86,22420.533620000002,287,1660.33082,2641.07
EH-185,Consumer,61,16378.28382,193,2281.5105200000003,1676.1299999999999
EH-765,Corporate,84,21270.298,307,671.1933999999999,1741.78
EH-945,Consumer,70,10351.42602,229,2250.05482,1254.93
EH-990,Consumer,51,9479.5736,171,1556.9195,962.24
EJ-155,Consumer,49,14956.8346,174,2794.5691,1139.52
EJ-720,Consumer,45,10697.404,143,1209.9476,1216.61
EK-795,Home Office,35,7128.4292,127,765.4778,781.36
EL-735,Home Office,71,14207.254,260,1155.5394000000001,1755.73
EM-065,Consumer,62,15321.55558,216,3939.46018,2013.57
EM-095,Corporate,61,13723.2597,191,1764.7839000000001,1313.22
EM-140,Home Office,94,23408.08226,346,3624.25176,2360.48
EM-200,Home Office,66,19673.67566,232,3647.45576,2850.96
EM-810,Corporate,54,14582.607039999999,166,1897.36954,1698.19
EM-825,Corporate,64,14506.33616,194,1988.0723600000001,1793.14
EM-960,Consumer,98,28084.40348,392,3306.01548,3127.88
EN-780,Consumer,46,7068.7724,147,237.69949999999997,917.89
EP-915,Consumer,71,16771.30774,254,2103.96474,1608.92
ER-855,Corporate,52,17132.296,187,2585.7182,1591.52
ES-020,Consumer,67,14720.05094,220,3127.37644,1485.69
ES-080,Corporate,74,18161.5498,232,2175.2919,1886.66
FA-230,Corporate,62,14349.6348,229,1496.1937,1266.55
FC-245,Home Office,51,12408.4468,177,2780.7909999999997,1494.2
FC-335,Corporate,51,9321.68964,156,1496.69624,940.01
FG-260,Home Office,44,9704.7165,156,1034.1122,1253.15
FH-275,Corporate,48,13682.63,160,3547.5756,1517.14
FH-350,Consumer,42,10765.00982,138,2888.0348200000003,866.63
FH-365,Corporate,82,30400.67452,290,4609.29112,3537.1
FM-215,Corporate,69,17289.0118,237,1394.0246,2070.31
FM-290,Home Office,77,16385.02922,272,2601.29072,1501.54
FM-380,Consumer,46,7441.9377,142,1015.5115,857.18
FO-305,Consumer,84,17772.661500000002,296,3023.7504,2074.23
FP-320,Consumer,55,10755.6322,211,937.1935000000001,738.91
FW-395,Corporate,70,18193.5591,234,1683.7904,1702.06
GA-515,Consumer,57,13807.06132,216,792.3443199999999,1474.99
GA-725,Consumer,64,10278.3415,208,771.9774,965.95
GB-530,Corporate,55,12183.653,185,656.2901,938.35
GB-575,Consumer,65,12570.90438,234,1633.26568,1200.95
GD-590,Corporate,55,18705.6926,218,1888.1499,1498.53
GG-650,Corporate,75,13903.38476,279,1523.52326,1644.55
GH-410,Home Office,75,15269.81598,270,613.80548,1657.27
GH-425,Consumer,101,24625.593,377,3908.1151000000004,2458.02
GH-485,Corporate,50,15487.2962,208,2295.9524,1182.66
GH-665,Consumer,65,13998.52062,240,1584.66962,1666.39
GK-620,Corporate,65,19980.3709,236,3495.2934,1972.3700000000001
GM-440,Consumer,58,16517.67788,189,1665.01388,2306.2200000000003
GM-455,Home Office,43,11012.079,148,2872.1064,1206.92
GM-500,Consumer,47,11002.555620000001,175,1553.25212,1177.21
GM-680,Consumer,74,13601.01144,235,-1337.92006,1733.82
GM-695,Corporate,64,15356.444,203,-11.35850000000011,1822.54
GP-740,Corporate,74,15403.832,256,1250.1096,2590.36
GR-560,Corporate,62,13850.58654,212,496.27973999999995,1816.21
GT-635,Corporate,48,20225.35784,182,-3577.92306,1704.6000000000001
GT-710,Consumer,86,35550.95428,310,5214.13118,2993.29
GT-755,Consumer,60,9059.28452,195,784.17932,1249.98
GW-605,Consumer,57,18070.2805,215,1199.0592,1921.07
GZ-470,Consumer,78,24705.325,255,3742.4389,2130.4
GZ-545,Corporate,52,15292.1188,200,4105.5978000000005,1218.16
HA-905,Consumer,62,16933.41844,234,-761.69416,1665.1200000000001
HA-920,Consumer,63,10411.0721,209,1561.1586,1712.59
HD-785,Home Office,81,20074.748199999998,249,2631.1922,2047.14
HE-800,Corporate,70,10993.81722,240,1710.43802,1451.8799999999999
HF-995,Consumer,77,11812.8429,241,-653.1279,1331.89
HG-025,Consumer,67,16214.418599999999,244,1532.9159,1982.31
HG-845,Consumer,101,24216.45252,343,-291.49227999999994,2176.18
HG-965,Corporate,71,17165.2746,271,-1597.5109,1611.99
HH-010,Corporate,56,15229.30782,242,2432.32402,1514.03
HJ-875,Home Office,67,15434.0162,227,2618.261,1917.9
HK-890,Corporate,60,15543.4091,204,2494.9302000000002,1806.43
HL-040,Consumer,52,30243.56658,207,7816.567779999999,1974.52
HM-860,Corporate,85,28476.9376,313,6958.2864,2420.23
HM-980,Consumer,64,17128.0896,222,2673.3391,1814.46
HP-815,Home Office,45,8518.1215,157,880.2212,825.72
HR-770,Home Office,61,15677.251,206,1705.2724,1337.55
HR-830,Corporate,44,10029.09236,130,1456.03576,1443.1699999999998
HW-935,Corporate,66,18374.026,235,2555.1131,2338.29
HZ-950,Consumer,57,12486.8208,174,741.4829000000001,1451.72
IG-085,Consumer,77,16149.37398,234,1911.1681800000001,1789.8300000000002
IL-100,Consumer,64,12855.50176,221,1181.07276,1002.95
IM-055,Consumer,39,9479.78976,129,2447.97986,974.41
IM-070,Consumer,82,19918.16712,318,-680.3041800000001,1996.06
JA-970,Consumer,76,18162.6977,254,842.33,1566.75
JB-000,Consumer,84,24008.18712,325,2867.92322,3346.26
JB-045,Home Office,57,17086.93168,199,249.04518000000004,1573.32
JB-400,Corporate,73,15257.5339,235,2451.8621,2022.57
JB-925,Consumer,59,13337.37896,205,1130.50616,1396.26
JC-105,Corporate,63,14994.04488,228,-1889.1059200000002,1696.18
JC-340,Consumer,73,18442.3896,264,337.7910000000001,1765.82
JC-385,Consumer,75,16162.00592,242,1304.56232,1536.7
JC-775,Consumer,53,12295.27204,178,1858.38624,1319.8899999999999
JD-015,Consumer,67,11343.4093,221,-604.4102,1245.64
JD-060,Consumer,48,11224.48096,142,564.90306,1686.69
JD-150,Corporate,71,23611.61948,248,2625.31888,2680.86
JD-790,Consumer,48,11590.82176,173,-1198.71274,1085.43
JD-895,Corporate,86,19481.75822,325,1726.79102,2431.99
JE-165,Corporate,53,12908.43436,178,2928.30396,1747.52
JE-475,Consumer,43,6819.254,141,1318.1717,675.32
JE-610,Corporate,64,13949.5474,199,1371.9133000000002,1839.6
JE-715,Consumer,81,22455.5689,319,3620.8885,1938.39
JE-745,Consumer,86,21904.62896,276,1528.7806600000001,2438.0699999999997
JF-190,Consumer,74,20574.8755,275,1722.6054,1855.34
JF-295,Consumer,73,22816.1923,296,2692.5273,2612.48
JF-355,Consumer,64,10819.33,215,-1874.6750000000002,1124.6
JF-415,Consumer,66,22944.48588,235,2666.84548,2008.99
JF-490,Consumer,57,10721.91786,178,1200.10256,877.13
JF-565,Consumer,77,23620.84866,274,4877.68546,2179.43
JG-115,Consumer,62,15709.50388,206,-922.26102,1395.14
JG-160,Consumer,82,21551.526,272,4549.1004,2232.41
JG-310,Corporate,55,13570.697900000001,224,2254.6355,1516.84
JG-805,Corporate,95,22223.766200000002,370,3280.7801,2261.13
JH-180,Consumer,81,23918.9014,283,3994.6643999999997,2653.0
JH-430,Consumer,77,12689.6723,249,1590.6942,1255.56
JH-820,Consumer,83,25945.731499999998,289,5395.8237,3629.21
JH-910,Consumer,81,16546.7117,270,705.0602000000001,1412.72
JH-985,Consumer,85,20936.8844,317,386.67819999999995,2516.52
JJ-445,Consumer,41,12187.0514,152,1022.6992,1137.24
JJ-760,Home Office,83,19993.76708,264,1848.98628,1641.8
JK-090,Consumer,83,23134.25284,287,1798.24734,2353.5
JK-120,Home Office,65,15647.78664,216,1894.19924,1652.86
JK-205,Consumer,50,12534.6012,207,2763.7822,1062.99
JK-325,Corporate,62,17204.23132,236,2022.38702,3210.04
JK-370,Consumer,66,13400.96604,247,1550.04784,1685.87
JK-625,Consumer,69,17119.1711,250,3976.3416,1963.06
JK-640,Home Office,43,13065.8795,157,2754.2758,1626.09
JK-730,Consumer,91,26688.762000000002,330,4373.5003,2549.73
JL-130,Consumer,83,18673.89914,281,1040.1775400000001,1633.23
JL-175,Home Office,52,14852.96246,174,1701.1711599999999,1899.76
JL-235,Consumer,68,20477.10164,253,4730.68904,1822.18
JL-505,Consumer,48,11361.035,169,1186.2773,1041.02
JL-835,Consumer,71,25982.318,295,2393.002,3081.07
JL-850,Consumer,50,10501.278,169,354.2466,1154.84
JM-195,Consumer,53,9026.0566,170,1519.7949999999998,1038.72
JM-250,Consumer,67,18018.66282,244,1664.65432,1867.76
JM-265,Corporate,77,16168.4657,302,2780.094,1952.53
JM-535,Consumer,51,7790.23,168,1358.9265,638.14
JM-580,Consumer,58,14176.18,198,1716.7324,1971.8600000000001
JM-655,Corporate,84,19897.39706,275,1798.53406,2714.28
JM-865,Consumer,79,22386.214500000002,292,2318.1149,2832.57
JO-145,Corporate,51,13345.69,178,3045.2555,1140.6
JO-280,Consumer,43,8818.4151,164,1905.7893,1008.71
JO-550,Home Office,53,8206.673999999999,175,582.7569,638.5
JP-135,Home Office,72,14596.1586,241,3479.0402,1317.19
JP-460,Corporate,78,14210.38782,277,2079.42932,1477.21
JP-520,Consumer,74,18656.57396,266,3170.16016,1638.28
JR-210,Corporate,57,13623.249,184,1306.756,1795.0
JR-670,Consumer,48,15923.1256,143,-760.4169,2065.48
JR-700,Consumer,36,11241.48276,129,932.52776,983.61
JS-030,Consumer,70,20791.85098,258,-103.00052,2212.95
JS-595,Corporate,49,10141.3295,156,-161.19350000000006,1188.73
JS-685,Corporate,68,16282.5795,255,2350.4863,2052.95
JS-880,Consumer,42,12189.097099999999,169,491.3969,1553.56
JS-940,Home Office,53,6802.106,145,11.973400000000066,714.58
JW-075,Consumer,61,20599.983,224,2950.0157,1558.42
JW-220,Corporate,75,30288.4503,298,6265.8457,3302.6600000000003
JW-955,Consumer,59,10948.6287,226,657.1068,1313.55
KA-525,Consumer,85,18879.78412,301,1401.39752,1728.44
KB-240,Corporate,55,11846.018,174,2319.0706,1295.31
KB-315,Consumer,90,17500.47728,291,1785.86258,2074.51
KB-405,Home Office,67,14024.6405,247,618.2365,1389.96
KB-585,Corporate,66,16602.5295,266,1351.0226,1967.43
KB-600,Corporate,55,11463.6947,178,1046.2451,1234.75
KC-255,Corporate,62,10416.3223,198,1979.5000000000002,1507.55
KC-540,Consumer,55,19403.023259999998,196,2358.10316,1640.03
KC-675,Corporate,53,13923.12304,212,2144.96274,2001.47
KD-270,Consumer,64,24017.3275,246,2890.6947000000005,2570.22
KD-345,Consumer,39,11693.500399999999,141,2428.8306,1051.9
KD-495,Corporate,78,26451.2631,253,5486.1725,2656.46
KD-615,Corporate,56,12554.42362,224,1750.72552,1428.38
KE-420,Corporate,67,13551.13872,257,1286.54742,1715.92
KF-285,Home Office,62,18265.0205,209,2385.1931,2336.61
KH-330,Corporate,74,18416.8525,221,3611.0256,1827.9
KH-360,Consumer,74,12204.8744,225,1842.3875,1366.86
KH-510,Consumer,79,16884.736,281,2196.8332,1513.16
KH-630,Corporate,57,9016.57056,204,1505.97316,960.99
KH-690,Corporate,88,19854.4741,309,2370.5742,2030.54
KL-555,Corporate,85,14248.4477,279,738.7484,1688.35
KL-645,Consumer,81,24129.4045,269,154.90050000000008,1603.68
KM-225,Corporate,43,8645.9146,172,369.5323,784.25
KM-375,Home Office,81,18519.15964,254,1451.08384,2676.15
KM-660,Consumer,61,10973.8066,216,847.8977,1420.54
KM-720,Consumer,69,16969.674,251,2759.1905,2263.73
KN-390,Corporate,58,19668.86634,209,4145.19254,1691.47
KN-450,Corporate,66,18061.9801,240,2257.2164,1826.76
KN-705,Home Office,46,10715.636,148,1698.5085,1020.63
KS-300,Corporate,43,5324.97318,147,1113.68218,905.9399999999999
KT-465,Consumer,81,17257.160200000002,312,987.5934000000001,1572.0
KT-480,Consumer,45,8360.392100000001,123,-617.9192,1028.6
KW-435,Consumer,58,15747.2556,193,3107.0106,1590.47
KW-570,Consumer,71,11833.7753,234,2371.1463,1141.88
LA-780,Corporate,84,27862.4419,323,3962.3098,3150.5
LB-735,Consumer,63,14583.989220000001,221,1664.49192,1521.52
LB-795,Home Office,87,26385.98522,316,4303.23822,2654.94
LC-050,Consumer,57,20127.52582,214,2847.60982,1895.75
LC-140,Consumer,70,16082.67376,257,1925.2869600000001,1665.82
LC-870,Consumer,65,11080.34336,241,1176.76826,1293.22
LC-885,Consumer,69,18886.9004,248,1172.5113000000003,2928.49
LC-930,Corporate,67,16741.38396,211,2273.42396,1650.95
LC-960,Home Office,50,14299.4995,179,1420.7137,1322.74
LD-005,Consumer,58,11823.34064,181,1165.43804,1192.15
LD-855,Corporate,70,16184.63858,260,1486.73868,1626.77
LE-810,Consumer,60,11478.7737,199,2025.0286,1056.24
LF-185,Consumer,61,13421.2385,246,-3644.3475,1340.3600000000001
LH-020,Consumer,43,9162.997800000001,182,1338.0789,1357.15
LH-155,Consumer,71,17292.2398,233,1519.531,2268.4900000000002
LH-750,Consumer,50,8690.7402,179,641.2019000000001,1277.96
LH-900,Consumer,55,12939.16928,229,997.3899799999999,1229.92
LL-840,Consumer,66,14936.93606,220,894.9398600000001,1657.86
LM-065,Consumer,49,15529.853,205,1868.1509999999998,1345.5800000000002
LO-170,Corporate,69,13537.5086,232,1788.7198,1379.76
LP-080,Consumer,54,9463.3275,197,-265.57719999999995,988.74
LP-095,Consumer,70,16609.511599999998,239,2122.698,1968.93
LR-035,Corporate,78,18796.9522,243,2449.1383,1789.14
LR-915,Consumer,65,22902.74156,224,3371.71596,1966.19
LS-200,Corporate,57,15599.39722,208,1653.96822,1595.22
LS-230,Consumer,78,11741.51948,223,1377.4046799999999,1278.23
LS-245,Consumer,54,11712.139000000001,201,1498.1314,1483.75
LS-945,Corporate,63,13146.15176,201,-67.85193999999997,1299.0
LS-975,Home Office,59,9363.0997,192,1778.0724,995.95
LT-110,Consumer,74,21221.76716,288,3146.42816,2046.1200000000001
LT-765,Consumer,56,18619.11294,189,4213.65294,1863.81
LW-125,Consumer,41,8046.61,126,1400.0412000000001,728.09
LW-215,Consumer,53,12051.505439999999,193,849.3825400000001,1211.31
LW-825,Corporate,63,10872.60924,181,1148.80494,1507.06
LW-990,Corporate,58,10981.6205,179,1486.9264,1572.41
MA-560,Home Office,82,12441.95788,255,519.90348,1864.53
MA-995,Home Office,59,11934.457339999999,199,1102.67554,1211.04
MB-085,Consumer,71,16447.73888,226,2595.96358,2388.96
MB-305,Consumer,60,21603.93432,208,4622.34732,1912.68
MC-100,Consumer,62,12013.0866,228,336.1498,1380.72
MC-130,Corporate,57,9359.053,214,796.6315,910.29
MC-275,Consumer,69,15981.0925,212,2113.4819,1801.72
MC-425,Corporate,74,16545.25618,268,2851.25848,1446.51
MC-575,Consumer,75,17900.84106,277,1749.34736,2014.83
MC-590,Corporate,55,11672.901679999999,194,1907.18878,1129.83
MC-605,Corporate,57,13227.6119,198,1366.9685,1396.23
MC-635,Corporate,80,21808.7967,288,3643.2891999999997,2213.08
MC-845,Consumer,64,15939.61202,185,1213.00542,1690.97
MD-350,Consumer,68,17829.52532,252,1230.6333200000001,1604.24
MD-860,Corporate,59,22429.16074,250,3772.40044,2322.81
ME-010,Corporate,48,10708.13192,148,655.2183200000001,1256.96
ME-320,Home Office,84,26247.217,296,3418.5584999999996,2840.24
ME-725,Consumer,72,9923.7616,224,673.2612,1141.75
MF-250,Corporate,85,21942.8496,295,2573.3404,2286.17
MF-665,Corporate,56,13528.44134,199,1420.88584,1311.95
MG-145,Consumer,51,23377.0722,185,6458.6762,1681.81
MG-205,Corporate,68,18011.8396,218,1822.4353,2258.19
MG-650,Home Office,51,13018.97968,199,2205.32168,1461.99
MG-680,Home Office,82,20360.1221,279,741.1927000000001,2750.08
MG-695,Consumer,73,18326.2228,293,845.6976000000001,1817.55
MG-875,Home Office,61,14533.010620000001,211,-117.61077999999989,1305.05
MG-890,Home Office,63,13181.3769,226,-999.7799,1252.23
MH-025,Consumer,50,12849.1285,191,861.1837,1787.64
MH-115,Home Office,66,13277.807,220,1488.1886,1663.58
MH-290,Home Office,64,15404.03666,255,2316.01286,1633.77
MH-440,Corporate,73,11302.8258,216,1552.0084,1101.0
MH-455,Consumer,64,14721.64572,203,527.0470200000001,1476.28
MH-620,Corporate,60,12217.97978,174,274.89098,1271.56
MH-785,Corporate,62,13590.96604,220,1470.52944,1615.3799999999999
MJ-740,Consumer,58,16484.553,193,2437.6299,1642.73
MK-160,Consumer,81,12740.3848,278,758.5966,1294.63
MK-905,Corporate,74,14447.4039,292,-210.63999999999993,1441.81
ML-040,Corporate,47,10368.494999999999,149,1962.8392000000001,1118.95
ML-265,Consumer,71,15844.721160000001,236,2314.36396,1565.93
ML-395,Corporate,57,15556.47948,205,1284.23268,1180.48
ML-410,Consumer,59,15174.8383,193,1154.1428,1805.1499999999999
ML-755,Home Office,63,15533.6044,216,1837.7616,1376.45
MM-055,Consumer,66,13088.498,210,1262.7827,1181.59
MM-260,Consumer,66,21224.07612,225,4380.72512,2924.64
MM-280,Corporate,55,10720.999,187,2166.4666,1379.59
MM-920,Consumer,76,21733.684,271,2058.909,2466.25
MN-935,Consumer,54,15046.26412,212,1392.17082,1440.0
MO-500,Consumer,57,11125.2782,187,519.0088999999999,1257.17
MO-800,Home Office,58,18003.3888,230,3104.0855,1741.72
MO-950,Consumer,29,5460.584,79,286.2586,445.93
MP-175,Home Office,82,24214.4268,276,532.5997000000001,2933.18
MP-470,Home Office,52,12986.9128,214,2172.9781,1761.21
MP-965,Corporate,93,17795.5907,314,1632.695,1845.83
MR-545,Home Office,75,21571.9523,267,3711.2306,2448.17
MS-365,Consumer,79,21682.5467,280,3529.3421999999996,1967.44
MS-530,Consumer,63,14791.84836,187,1987.3791600000002,1469.95
MS-710,Consumer,61,10030.09026,194,1152.74306,891.86
MS-770,Consumer,72,17921.49504,259,2851.78544,1537.79
MS-830,Consumer,70,16106.3013,231,2060.2844999999998,2181.93
MS-980,Corporate,77,17865.2162,259,1247.3462000000002,1720.94
MT-070,Home Office,68,17772.3219,253,-1788.0442,1831.08
MT-815,Consumer,59,15346.1068,197,793.4146000000001,1681.85
MV-190,Consumer,62,19572.0756,223,1360.0398,1863.46
MV-485,Consumer,57,11515.9033,181,1810.6391,1654.52
MW-220,Consumer,74,23068.5783,273,4086.5403,2715.6
MW-235,Corporate,65,19003.8329,217,145.51290000000014,2124.2400000000002
MY-295,Corporate,106,29642.66118,351,2642.6540800000002,3039.24
MY-380,Corporate,56,16469.7212,207,3559.5073,1686.3
MZ-335,Home Office,53,17958.1603,179,2254.5034,2389.84
MZ-515,Corporate,77,16577.13784,269,1883.04214,1906.64
NB-580,Corporate,30,5935.0754,93,-691.4278,421.26
NB-655,Corporate,51,10081.8206,162,1453.4045,1213.09
NC-340,Consumer,76,16613.30912,246,-460.8773799999999,2295.66
NC-415,Consumer,49,10759.220000000001,148,-724.9872000000001,1293.74
NC-535,Corporate,50,12305.249,149,1335.3780000000002,618.11
NC-625,Corporate,59,17343.83758,212,2262.91458,2418.58
ND-370,Consumer,63,13703.38482,223,2620.28132,1546.87
ND-460,Corporate,57,14784.42172,195,3168.85352,1338.94
NF-385,Consumer,94,31781.2585,325,1542.8211,4127.57
NF-475,Home Office,62,12649.9209,186,2920.0567,2015.28
NF-595,Home Office,43,12267.23752,163,1371.54862,1135.8
NG-355,Corporate,66,12009.19936,186,2806.44286,1135.21
NG-430,Consumer,65,22720.24354,243,4211.22484,2371.08
NH-610,Corporate,72,21303.4483,276,4075.4649,2173.95
NK-490,Home Office,63,13878.543,222,3040.5326999999997,1079.25
NL-310,Home Office,43,10838.6528,162,-566.9291000000001,1717.07
NM-445,Home Office,75,24276.9559,253,5789.1168,2882.44
NM-520,Consumer,53,13869.136,240,3142.6994999999997,1989.22
NP-325,Consumer,65,13115.177,211,1804.326,2069.48
NP-670,Consumer,48,15710.88426,164,3035.66246,1652.07
NP-685,Home Office,66,16358.2832,244,1559.0269,1908.13
NP-700,Consumer,61,15917.0555,247,375.5512,1930.54
NR-550,Consumer,68,12891.90158,212,1669.96578,1395.44
NS-505,Consumer,75,15797.14274,292,-687.4442600000001,1985.4
NS-640,Corporate,92,16637.524,318,818.7196,1886.93
NW-400,Consumer,79,22373.56906,258,3821.53806,1773.93
NZ-565,Home Office,65,20270.28212,235,2091.27572,2624.07
ON-715,Corporate,74,19271.70624,262,2783.30724,2088.14
OT-730,Consumer,73,19758.81566,262,1831.00136,1931.3300000000002
PA-060,Home Office,56,10393.81376,193,1555.35456,1213.89
PB-105,Consumer,47,9895.989,161,1936.1847,1121.89
PB-150,Consumer,76,11385.69856,240,1271.84916,972.09
PB-210,Corporate,84,24269.859,319,1403.958,3772.7
PB-805,Home Office,62,14863.069739999999,210,1743.07944,1436.76
PC-000,Home Office,46,10634.4953,169,833.3308999999999,1321.78
PC-745,Corporate,48,11940.05644,159,-420.10256,1566.35
PF-120,Consumer,85,29875.999659999998,280,1063.29136,2409.79
PF-165,Consumer,67,18026.4847,249,1908.8786,1926.5
PF-225,Consumer,68,13389.4717,219,940.8555,1707.92
PG-820,Consumer,77,16482.5046,262,1975.1888999999999,1557.05
PG-895,Consumer,91,15922.9882,337,1620.1805,2228.15
PH-790,Home Office,40,11182.4063,135,2743.6261,1094.18
PJ-015,Consumer,65,15843.53916,222,2102.4930600000002,1555.41
PJ-835,Corporate,45,14440.907,155,4019.1325,1694.0
PK-075,Consumer,73,18661.6945,251,1664.5781,2048.12
PK-910,Home Office,39,8231.03756,126,-308.48943999999995,1116.98
PL-925,Home Office,47,15015.9286,173,2006.5049,1659.96
PM-135,Home Office,46,11286.955899999999,149,1018.6376,1673.82
PM-940,Consumer,48,14342.4504,148,1178.3952,2003.32
PN-775,Home Office,57,12892.57522,213,2205.4628199999997,1389.26
PO-180,Home Office,73,17984.2395,231,2175.7896,1664.26
PO-195,Home Office,69,19099.36688,259,-1026.1020199999998,2207.95
PO-850,Consumer,102,26707.4562,370,3778.3637,2986.25
PO-865,Consumer,78,24024.2098,275,4618.1191,2711.05
PP-955,Home Office,79,22243.2456,302,2687.733,2312.3
PR-880,Consumer,71,14329.26082,283,409.12542,1763.6299999999999
PS-045,Home Office,82,30081.6754,282,4338.8111,3258.7
PS-760,Consumer,66,17632.7514,252,1293.1114,1760.51
PS-970,Home Office,68,19618.35282,260,1834.19372,2668.49
PT-090,Consumer,51,13056.813,184,609.7002,1228.89
PV-985,Home Office,65,18931.297,243,4055.5694,2410.8
PW-030,Corporate,69,13891.06046,242,1944.80136,1477.57
PW-240,Consumer,61,8423.6698,189,1942.2988,753.1
QJ-255,Corporate,53,18579.9741,213,2243.1929,1548.19
RA-285,Consumer,87,23043.113,263,2613.0752,2437.81
RA-885,Corporate,75,15938.76708,240,3320.46868,1536.98
RA-915,Consumer,76,21395.85342,267,2164.19772,2098.2599999999998
RA-945,Consumer,55,13740.6153,172,896.7278,1716.56
RB-330,Consumer,83,22898.02462,299,4151.35242,2508.17
RB-360,Consumer,70,29602.1426,262,8453.049500000001,2084.24
RB-435,Consumer,67,14797.22952,224,-1125.65658,1494.55
RB-465,Home Office,78,20853.6794,329,4066.46,2295.11
RB-570,Consumer,62,11548.392,241,1495.9239,1329.0
RB-645,Corporate,45,6256.1884,143,640.1234,508.39
RB-705,Home Office,54,15306.1556,150,2879.5411,1742.3700000000001
RB-795,Home Office,76,19312.16934,310,2350.53014,2080.31
RC-825,Consumer,45,7954.1133,172,737.7456999999999,888.8
RC-960,Consumer,50,9537.8341,161,2124.0154,959.33
RD-480,Consumer,65,17548.9209,236,3587.4449,1586.02
RD-585,Consumer,90,21483.5079,301,3919.9697,2198.24
RD-660,Home Office,55,16339.7531,187,3965.8731,1725.3799999999999
RD-720,Consumer,77,14736.2375,269,3037.0108999999998,1507.92
RD-810,Home Office,69,10305.88796,270,1939.89446,1060.16
RD-900,Consumer,85,18322.969,284,3330.6742,1992.51
RD-930,Consumer,71,15816.98032,231,1230.36572,1786.6200000000001
RE-405,Consumer,59,14040.49518,181,2643.68018,1305.59
RE-450,Consumer,67,16339.18824,208,2391.4116400000003,1670.8
RF-345,Corporate,63,16599.2978,232,3093.955,1877.92
RF-735,Consumer,59,13089.2177,210,1123.5285,1485.98
RF-840,Consumer,77,15649.19768,272,2841.73178,1405.82
RH-495,Consumer,56,16352.9586,230,1850.8902999999998,3260.43
RH-510,Home Office,57,13437.18096,182,1664.6644600000002,1398.65
RH-555,Consumer,60,17697.78,213,2002.8037,1816.91
RH-600,Consumer,47,7970.16556,144,1222.37166,952.79
RK-300,Consumer,64,14000.04458,208,-1555.78942,1686.93
RL-615,Consumer,65,17287.05048,220,2703.98888,2131.7999999999997
RM-375,Consumer,61,18317.12712,210,1855.40302,2264.13
RM-675,Home Office,47,12867.0545,162,2542.2423,1036.32
RM-750,Consumer,37,7404.1858600000005,118,1250.33376,496.64
RO-780,Consumer,78,21913.5415,291,868.8819,2562.52
RP-270,Corporate,72,14999.9289,242,1902.7221000000002,2203.9
RP-390,Consumer,91,22050.8875,303,1068.3838,2201.14
RP-855,Corporate,71,14612.2234,254,138.85420000000008,1673.59
RR-315,Consumer,54,13585.89038,143,2838.98338,1278.86
RR-525,Corporate,73,16386.1966,264,-47.982799999999976,2477.5299999999997
RS-420,Corporate,68,14432.58948,208,1823.6508800000001,1141.23
RS-765,Corporate,49,15106.271279999999,175,3472.16638,2100.03
RS-870,Home Office,55,8122.39278,209,1463.42858,891.87
RW-540,Corporate,68,25122.1225,265,5177.4288,2987.18
RW-630,Corporate,48,9985.934299999999,144,2252.2208,849.91
RW-690,Consumer,64,12599.138,214,2137.0023,1464.93
SA-830,Consumer,64,16495.05466,227,1354.7027600000001,2055.06
SB-170,Consumer,50,14598.173999999999,158,2366.9598,1737.51
SB-185,Consumer,69,22302.89772,262,1668.65412,2420.69
SB-290,Corporate,53,20513.9368,208,-1896.9793,2108.27
SC-020,Consumer,69,11055.804,245,1116.0096,1111.99
SC-050,Home Office,90,19125.07302,309,18.42532000000012,1922.6
SC-095,Consumer,69,26521.132,244,8205.3799,2217.84
SC-230,Corporate,64,22127.775,259,3071.368,1862.16
SC-260,Corporate,74,12532.7104,242,1222.6707999999999,1407.89
SC-305,Consumer,76,20903.902000000002,257,462.27869999999996,1829.53
SC-380,Consumer,85,17678.88424,330,1692.37974,1791.52
SC-440,Corporate,56,9606.51626,185,357.01935999999995,994.17
SC-575,Consumer,55,10013.4443,214,938.0015999999999,1050.53
SC-680,Home Office,71,19821.84528,258,1708.79308,1883.03
SC-695,Corporate,74,23399.9425,293,2165.6836,3019.14
SC-725,Consumer,73,16919.91808,324,2066.03938,1826.62
SC-770,Corporate,83,16528.32208,308,318.0876800000001,1837.11
SC-800,Consumer,44,11410.5646,168,1276.3538,1061.63
SC-845,Consumer,46,11266.74502,184,1696.6987199999999,1606.19
SD-485,Home Office,85,17959.4079,303,3647.2210999999998,1853.44
SE-110,Consumer,82,30146.335020000002,299,6015.78392,1946.47
SF-065,Consumer,51,11257.175,180,1865.6513,1044.7
SF-200,Consumer,72,15652.9454,256,829.764,1837.16
SF-965,Corporate,47,9253.9828,154,1895.183,1128.95
SG-080,Consumer,50,11853.2314,148,2883.7084,1373.68
SG-470,Consumer,59,13816.9473,210,2338.9888,2220.11
SG-605,Consumer,66,12944.60556,224,1541.10256,1481.36
SG-890,Corporate,58,12685.08186,192,541.3085599999999,1422.41
SH-395,Consumer,68,12978.20384,223,1059.2329399999999,1182.47
SH-635,Corporate,55,14205.7258,202,1978.1796000000002,1280.3
SH-975,Corporate,77,18951.65694,293,1795.36144,2109.83
SJ-125,Home Office,77,13523.280999999999,268,1828.0039,1184.95
SJ-215,Consumer,78,16068.95068,290,2511.86098,1762.81
SJ-500,Consumer,51,13384.859,215,1581.8093,1426.32
SK-990,Consumer,62,13291.82952,231,2975.51382,1930.72
SL-155,Home Office,80,16832.471,250,1899.9305000000002,2062.31
SM-005,Consumer,53,13063.9675,170,1528.3608,1482.7
SM-320,Home Office,50,35170.93296,169,-409.70634,1611.39
SM-905,Consumer,41,8630.4744,133,1528.2749000000001,956.95
SM-950,Corporate,63,12889.08614,212,1170.85834,1547.73
SN-560,Home Office,66,14218.814,232,-2637.9805,1415.54
SN-710,Home Office,61,13406.180559999999,233,2384.85126,1362.19
SO-335,Consumer,60,16366.44492,204,2407.04362,1870.34
SP-545,Corporate,36,7219.5187,144,749.2270000000001,713.22
SP-620,Corporate,78,19413.2387,285,17.041500000000006,1820.43
SP-650,Corporate,46,11148.76344,170,1682.80564,1156.8799999999999
SP-860,Corporate,51,13498.088459999999,168,1750.68106,1099.17
SP-920,Consumer,68,29020.60386,235,6484.40726,2481.36
SR-425,Home Office,52,13002.45694,206,-2551.18846,1102.19
SR-740,Home Office,64,19374.3,218,4387.3584,1882.52
SS-140,Corporate,84,23630.23104,326,-612.3282600000002,1900.27
SS-410,Consumer,67,18107.94198,224,131.51118000000005,2018.83
SS-515,Home Office,35,7905.151620000001,150,416.3461199999999,668.65
SS-590,Consumer,61,13121.8064,213,2370.1265,1096.9
SS-875,Consumer,43,5328.4648,150,-559.9772,504.56
ST-530,Consumer,64,15007.271060000001,207,2234.1029599999997,2010.18
SU-665,Home Office,72,10773.594000000001,235,510.2519,1210.46
SV-365,Consumer,84,23632.91948,317,2222.7536800000003,1999.27
SV-785,Consumer,75,17232.3651,274,2182.7873,2134.62
SV-815,Corporate,62,22304.41318,227,978.6733800000002,2700.68
SV-935,Consumer,67,15685.4387,229,668.4789000000001,1538.75
SW-245,Consumer,56,15478.59382,209,1948.35962,2037.88
SW-275,Consumer,68,17045.5447,255,1044.1871999999998,2287.12
SW-350,Home Office,45,8167.703439999999,149,1031.54774,741.43
SW-455,Consumer,42,8243.2682,113,1163.569,797.66
SW-755,Corporate,104,25668.486,383,2794.7316,2363.28
SZ-035,Home Office,77,16356.526,262,2915.8473,1943.26
TA-385,Home Office,77,40488.0708,284,6311.9791,2809.63
TB-055,Consumer,76,16026.84872,326,1559.26902,1528.09
TB-175,Corporate,69,17423.9244,256,2286.4019,2626.19
TB-190,Home Office,38,11801.84152,147,2052.3113200000003,1006.74
TB-250,Consumer,89,19100.9267,305,3065.7062,1936.56
TB-280,Consumer,67,11701.33466,212,1247.46136,1542.14
TB-355,Corporate,66,9643.275,234,772.014,1036.16
TB-400,Consumer,93,24479.310999999998,283,4196.3499,2276.13
TB-520,Consumer,89,20708.28272,314,257.3616199999999,2380.41
TB-595,Consumer,46,9190.059,163,1438.6508999999999,1145.92
TB-625,Consumer,69,15076.9491,230,1500.6631,2270.5
TC-145,Corporate,84,22219.86906,332,3359.81226,2762.42
TC-295,Consumer,67,20122.8061,238,1497.4768,3124.95
TC-475,Home Office,67,12630.28056,227,1401.1285599999999,1095.18
TC-535,Home Office,55,11103.0321,192,382.99710000000005,1502.0
TC-980,Corporate,87,37457.333,271,8672.8989,2527.95
TD-995,Consumer,58,7704.5655,184,-948.1228,855.59
TG-310,Consumer,63,13019.6486,221,2986.457,1542.01
TG-640,Consumer,75,18880.3103,288,3096.2398,2588.6
TH-100,Consumer,59,15541.0626,193,1952.4961,1359.74
TH-115,Corporate,64,15353.79368,222,2265.68778,1346.79
TH-235,Corporate,67,16797.599000000002,196,1656.287,1904.92
TH-550,Home Office,55,13092.7363,189,-733.7475000000002,1446.74
TM-010,Consumer,55,14459.6286,200,1928.1339,1155.96
TM-490,Consumer,80,15971.8783,232,1500.9713,1988.58
TN-040,Home Office,53,9597.61404,179,-706.18216,933.69
TP-130,Consumer,88,23959.02628,304,2073.88638,2930.56
TP-415,Consumer,50,12877.67182,175,346.1872200000001,1610.14
TP-565,Corporate,67,13287.1713,253,1795.66,1104.94
TR-325,Consumer,63,12428.90306,205,2436.90546,1492.7
TS-085,Consumer,60,6785.8894,188,1109.5608,553.42
TS-160,Corporate,63,7936.012,195,1134.0224,685.07
TS-205,Corporate,68,14530.27092,218,2349.54862,1716.28
TS-340,Consumer,76,18628.34548,249,2602.96458,2624.43
TS-370,Corporate,75,27775.262,228,5093.9654,2467.63
TS-430,Corporate,69,15344.9966,240,2364.9883,1802.19
TS-505,Consumer,66,19737.3623,219,2149.3462,2013.04
TS-610,Consumer,83,22577.09,313,1719.5679,2160.01
TS-655,Consumer,56,9978.3372,182,1025.6195,887.6800000000001
TT-070,Consumer,64,17245.3939,229,2320.3586,1928.84
TT-220,Consumer,62,15050.96416,234,1661.2072600000001,1629.78
TT-265,Corporate,55,9779.68,150,1284.8362,1016.13
TT-460,Home Office,84,20081.79746,283,2230.7893599999998,1987.44
TW-025,Home Office,59,14255.0056,194,3275.0801,2322.19
TZ-445,Corporate,73,15346.8114,222,367.4914,1580.8
TZ-580,Consumer,48,10858.5418,163,-80.11550000000005,733.55
VB-745,Corporate,45,10744.68,184,908.5637999999999,1365.27
VD-670,Consumer,66,15984.9224,235,2031.9158,2200.82
VF-715,Home Office,49,12602.485,179,26.112999999999953,1836.74
VG-790,Consumer,50,10294.7785,167,-364.4247,1275.81
VG-805,Corporate,61,23763.59116,209,4046.90616,2862.2200000000003
VM-685,Home Office,68,14567.10032,219,-1645.79878,2079.72
VM-835,Consumer,36,3892.227,120,656.9143,406.04
VP-730,Home Office,58,12061.269,199,2232.7958,1443.59
VP-760,Corporate,59,18551.2255,226,2390.8627,1438.57
VS-820,Consumer,40,11411.989,143,1586.6187,1662.16
VT-700,Home Office,71,19370.7481,260,1090.7832,1737.31
VW-775,Corporate,66,17038.5434,249,294.38090000000005,1500.78
WB-850,Consumer,83,16887.1932,298,2547.9023,1961.99
XP-865,Consumer,61,12198.9506,213,1304.7226,1074.82
YC-895,Corporate,55,20164.3776,203,4347.1766,2341.39
YS-880,Corporate,60,20032.438,215,3450.4063,1725.15
ZC-910,Consumer,84,28479.99226,334,436.9362599999999,3078.8199999999997
ZD-925,Consumer,53,12430.5704,174,201.73710000000005,1196.28
